----------------------------------------------------------------------------------------------------------------------------------------------------------------------------------------

CREATE DataBase MilitaryDatabase

----------------------------------------------------------------------------------------------------------------------------------------------------------------------------------------

use MilitaryDatabase

----------------------------------------------------------------------------------------------------------------------------------------------------------------------------------------

create table Volunteers(
	vol_id int identity(1,1) PRIMARY KEY not null,
	vol_nameOfOrgan nvarchar(25) not null UNIQUE,
	vol_password nvarchar(25) not null,
	vol_showInform bit DEFAULT 1,
)

----------------------------------------------------------------------------------------------------------------------------------------------------------------------------------------

create table Military(
	mil_id int identity(1,1) PRIMARY KEY not null,
	mil_nameOfOrgan nvarchar(25) not null UNIQUE,
	mil_password nvarchar(25) not null,
	mil_showInform bit  DEFAULT 1,
)

----------------------------------------------------------------------------------------------------------------------------------------------------------------------------------------

create table InformVol(
	id_volunter int identity(1,1) not null,
	vol_firstName nvarchar(25) not null,
	vol_lastName nvarchar(35) not null,
	vol_number nchar(13) not null,
	vol_post nvarchar(50) not null,
	CONSTRAINT fk_volunteer_id FOREIGN KEY (id_volunter) REFERENCES Volunteers(vol_id)
)

----------------------------------------------------------------------------------------------------------------------------------------------------------------------------------------

create table InformMil(
	id_military int identity(1,1) not null,
	mil_firstName nvarchar(25) not null,
	mil_lastName nvarchar(35) not null,
	mil_number nchar(13) not null,
	mil_post nvarchar(50) not null,
	CONSTRAINT fk_military_id FOREIGN KEY (id_military) REFERENCES Military(mil_id)
)

----------------------------------------------------------------------------------------------------------------------------------------------------------------------------------------

create table Supply(
	id_supply int PRIMARY KEY not null,
	mil_nameOfOrgan nvarchar(25) not null,
	category nvarchar (30) not null,
	name_of_goods nvarchar(50) not null,
	name_of_company nvarchar(50) not null,
	number_of_goods int not null,
	delivery_location nvarchar(100) not null,
	datetime_add datetime not null,

	vol_nameOfOrgan nvarchar(25),
	datetime_accept datetime,
	is_success nvarchar(25), 

	goods_image nvarchar(MAX),

	CONSTRAINT fk_supply_vol_nameOfOrgan FOREIGN KEY (vol_nameOfOrgan) REFERENCES Volunteers(vol_nameOfOrgan),
    CONSTRAINT fk_supply_mil_nameOfOrgan FOREIGN KEY (mil_nameOfOrgan) REFERENCES Military(mil_nameOfOrgan)
)

----------------------------------------------------------------------------------------------------------------------------------------------------------------------------------------

create table SuccessHistorySupply(
	id_supply int PRIMARY KEY not null,
	mil_nameOfOrgan nvarchar(25) not null,
	category nvarchar (30) not null,
	name_of_goods nvarchar(50) not null,
	name_of_company nvarchar(50) not null,
	number_of_goods int not null,
	delivery_location nvarchar(100) not null,
	datetime_add datetime not null,

	vol_nameOfOrgan nvarchar(25),
	datetime_accept datetime,
	is_success nvarchar(25),

	goods_image nvarchar(MAX),

	CONSTRAINT fk_success_supply_vol_nameOfOrgan FOREIGN KEY (vol_nameOfOrgan) REFERENCES Volunteers(vol_nameOfOrgan),
    CONSTRAINT fk_success_supply_mil_nameOfOrgan FOREIGN KEY (mil_nameOfOrgan) REFERENCES Military(mil_nameOfOrgan)
)

----------------------------------------------------------------------------------------------------------------------------------------------------------------------------------------

INSERT INTO Volunteers (vol_nameOfOrgan, vol_password, vol_showInform)
VALUES 
    ('Крила Фенікса', 'Volunteer1', 1),
    ('Народний проект', 'Volunteer2', 1),
    ('Армія SOS', 'Volunteer3', 0),
	('Повернись живим', 'Volunteer4', 1),
    ('Combat-UA', 'Volunteer5', 1),
    ('Територія Добра', 'Volunteer6', 0),
	('Картографічна Сотня', 'Volunteer7', 1),
    ('Народний тил', 'Volunteer8', 1),
    ('Матриця технологій', 'Volunteer9', 0),
    ('ДемАльянс допомога', 'Volunteer10', 0),

	('Допомога на передовій', 'Volunteer11', 1),
    ('Шлях Освіти', 'Volunteer12', 1),
    ('Рятувальний загін', 'Volunteer13', 0),
    ('Гуманітарний захід', 'Volunteer14', 1),
    ('Добрі справи', 'Volunteer15', 1),
    ('Підтримка бійців', 'Volunteer16', 0),
    ('Служба порятунку', 'Volunteer17', 1),
    ('Оберіг', 'Volunteer18', 1),
    ('Вільні волонтери', 'Volunteer19', 0),
    ('Безпека і мир', 'Volunteer20', 0);


INSERT INTO Military (mil_nameOfOrgan, mil_password, mil_showInform)
VALUES 
	('128-ма ГШБ ім. Короля Д', 'Military1', 1),
	('30-та окр. мех. бригада', 'Military2', 0),
	('93-та окр. мех. бригада', 'Military3', 1),
	('17-та окр. танк. бригада', 'Military4', 0),
	('80-ма окр. аеромоб. бриг', 'Military5', 1),
	('95-та окр. аеромоб. бриг', 'Military6', 0),
	('72-га окр. мех. бригада', 'Military7', 1),
	('28-ма мех. бригада', 'Military8', 0),
	('81-ма окр. аеромоб. бриг', 'Military9', 1),
	('24-та мех. бригада', 'Military10', 0),

	('64-та окр. гірська', 'Military11', 1),
	('47-ма окр. танк. бригада', 'Military12', 1),
	('53-та окр. мех. бригада', 'Military13', 0),
	('116-та окр. арт. бригада', 'Military14', 1),
	('3-тя окр. ракетна бригада', 'Military15', 0),
	('9-та окр. гірська бригада', 'Military16', 1),
	('37-ма окр. арт. бригада', 'Military17', 1),
	('11-та окр. ракетна', 'Military18', 0),
	('55-та окр. мех. бригада', 'Military19', 1),
	('22-га окр. гірська', 'Military20', 0);


INSERT INTO InformVol (vol_firstName, vol_lastName, vol_number, vol_post)
VALUES 
    ('Іван', 'Петров', '+380501234567', 'PetrovIvan1@gmail.com'),
    ('Марія', 'Сидоренко', '+380501234568', 'SidorenkoMariya2@gmail.com'),
    ('Олександр', 'Коваленко', '+380501234569', 'KovalenkoOleksandr3@gmail.com'),
    ('Тетяна', 'Мельник', '+380501234570', 'MelnykTetyana4@gmail.com'),
    ('Юлія', 'Бондаренко', '+380501234571', 'BondarenkoYuliya5@gmail.com'),
    ('Андрій', 'Шевченко', '+380501234572', 'ShevchenkoAndriy6@gmail.com'),
    ('Ольга', 'Кравченко', '+380501234573', 'KravchenkoOlha7@gmail.com'),
    ('Вікторія', 'Романенко', '+380501234574', 'RomanenkoViktoria8@gmail.com'),
    ('Натан', 'Кузьменко', '+380501234575', 'KuzmenkoNathan9@gmail.com'),
    ('Емма', 'Лисенко', '+380501234576', 'LysenkoEmma10@gmail.com'),
    ('Олена', 'Іванова', '+380501234577', 'IvanovaOlena11@gmail.com'),
    ('Василь', 'Петренко', '+380501234578', 'PetrenkoVasyl12@gmail.com'),
    ('Наталія', 'Сидорова', '+380501234579', 'SidorovaNataliya13@gmail.com'),
    ('Андрій', 'Ковальчук', '+380501234580', 'KovalchukAndriy14@gmail.com'),
    ('Катерина', 'Мельник', '+380501234581', 'MelnikKateryna15@gmail.com'),
    ('Ігор', 'Бондаренко', '+380501234582', 'BondarenkoIhor16@gmail.com'),
    ('Оксана', 'Шевченко', '+380501234583', 'ShevchenkoOksana17@gmail.com'),
    ('Євгенія', 'Кравченко', '+380501234584', 'KravchenkoYevgeniya18@gmail.com'),
    ('Денис', 'Романенко', '+380501234585', 'RomanenkoDenys19@gmail.com'),
    ('Марина', 'Кузьменко', '+380501234586', 'KuzmenkoMaryna20@gmail.com');


INSERT INTO InformMil (mil_firstName, mil_lastName, mil_number, mil_post)
VALUES 
    ('Михайло', 'Броваренко', '+380501234567', 'BrovarenkoMykhailo1@military.com'),
    ('Іван', 'Ковальчук', '+380501234568', 'KovalchukIvan2@military.com'),
    ('Олена', 'Петренко', '+380501234569', 'PetrenkoOlena3@military.com'),
    ('Ірина', 'Сидоренко', '+380501234570', 'SidorenkoIryna4@military.com'),
    ('Володимир', 'Мельник', '+380501234571', 'MelnikVolodymyr5@military.com'),
    ('Наталія', 'Коваленко', '+380501234572', 'KovalenkoNataliia6@military.com'),
    ('Олександр', 'Бондаренко', '+380501234573', 'BondarenkoOleksandr7@military.com'),
    ('Тетяна', 'Шевченко', '+380501234574', 'ShevchenkoTetiana8@military.com'),
    ('Максим', 'Кравченко', '+380501234575', 'KravchenkoMaksym9@military.com'),
    ('Юлія', 'Романенко', '+380501234576', 'RomanenkoYuliia10@military.com'),
    ('Ігор', 'Борисенко', '+380501234577', 'BorysenkoIhor11@military.com'),
    ('Олег', 'Василенко', '+380501234578', 'VasylenkoOleh12@military.com'),
    ('Наталя', 'Лисенко', '+380501234579', 'LysenkoNatalia13@military.com'),
    ('Оксана', 'Павленко', '+380501234580', 'PavlenkoOksana14@military.com'),
    ('Марко', 'Григоренко', '+380501234581', 'HryhorenkoMarko15@military.com'),
    ('Марічка', 'Ткаченко', '+380501234582', 'TkachenkoMarichka16@military.com'),
    ('Віталій', 'Кучеренко', '+380501234583', 'KucherenkoVitalii17@military.com'),
    ('Євген', 'Мартиненко', '+380501234584', 'MartynenkoYevhen18@military.com'),
    ('Анастасія', 'Клименко', '+380501234585', 'KlymenkoAnastasiia19@military.com'),
    ('Станіслав', 'Сергієнко', '+380501234586', 'SerhiienkoStanislav20@military.com');


INSERT INTO Supply (id_supply, mil_nameOfOrgan, category, name_of_goods, name_of_company, number_of_goods, delivery_location, datetime_add, vol_nameOfOrgan, datetime_accept, is_success, goods_image)
VALUES 
    (1, '128-ма ГШБ ім. Короля Д', 'Бойова зброя та боєприпаси', 'Патрони', 'Supply Company A', 100, 'Львів', '2024-05-10 08:00:00', 'Крила Фенікса', '2024-05-10 10:00:00', 'Збирається', null),
    (2, '30-та окр. мех. бригада', 'Медичне забезпечення', 'Аптечки', 'Supply Company B', 20, 'Київ', '2024-05-10 09:30:00', 'Народний проект', '2024-05-10 11:30:00', 'Збирається', null),
    (3, '93-та окр. мех. бригада', 'Техніка та обладнання', 'Автомобіль', 'Supply Company C', 50, 'Одеса', '2024-05-10 10:45:00', 'Картографічна Сотня', '2024-05-10 13:00:00', 'Збирається', null),
    (4, '17-та окр. танк. бригада', 'Логістика та постачання', 'GPS-пристрій', 'Supply Company D', 30, 'Харків', '2024-05-10 11:15:00', 'Повернись живим', '2024-05-10 14:30:00', 'Збирається', null),
    (5, '80-ма окр. аеромоб. бриг', 'Засоби зв''язку', 'Супутниковий телефон', 'Supply Company E', 5, 'Дніпро', '2024-05-10 12:30:00', 'Combat-UA', '2024-05-10 15:00:00', 'Збирається', null),
    (6, '95-та окр. аеромоб. бриг', 'Засоби зв''язку', 'Генератор', 'Supply Company F', 40, 'Запоріжжя', '2024-05-10 13:45:00', 'Територія Добра', '2024-05-10 16:30:00', 'Збирається', null),
    (7, '72-га окр. мех. бригада', 'Техніка та обладнання', 'Ноутбук', 'Supply Company G', 15, 'Луганськ', '2024-05-10 14:00:00', 'Крила Фенікса', '2024-05-10 17:00:00', 'Збирається', null),
    (8, '28-ма мех. бригада', 'Спеціальні засоби', 'Шкарпетки', 'Supply Company H', 25, 'Рівне', '2024-05-10 15:20:00', 'Народний тил', '2024-05-10 18:00:00', 'Збирається', null),
    (9, '81-ма окр. аеромоб. бриг', 'Польові житло та обладнання', 'Столи', 'Supply Company I', 10, 'Чернівці', '2024-05-10 16:10:00', 'Матриця технологій', '2024-05-10 19:00:00', 'Збирається', null),
    (10, '24-та мех. бригада', 'Засоби зв''язку', 'Портативна радіостанція "Сталкер-5"', 'Supply Company J', 8, 'Житомир', '2024-05-10 17:40:00', 'ДемАльянс допомога', '2024-05-10 20:00:00', 'Збирається', null),
    (11, '128-ма ГШБ ім. Короля Д', 'Бойова зброя та боєприпаси', 'Гранати', 'Supply Company A', 50, 'Харків', '2024-05-11 08:30:00', 'Крила Фенікса', '2024-05-11 10:30:00', 'Збирається', null),
    (12, '30-та окр. мех. бригада', 'Медичне забезпечення', 'Медичні маски', 'Supply Company B', 100, 'Львів', '2024-05-11 09:00:00', 'Народний проект', '2024-05-11 11:00:00', 'Відправлено', null),
    (13, '93-та окр. мех. бригада', 'Харчування та водопостачання', 'Крупи', 'Supply Company C', 200, 'Київ', '2024-05-11 09:30:00', 'Картографічна Сотня', '2024-05-11 11:30:00', 'Збирається', null),
    (14, '17-та окр. танк. бригада', 'Логістика та постачання', 'Капці', 'Supply Company D', 30, 'Харків', '2024-05-11 10:00:00', 'Повернись живим', '2024-05-11 13:00:00', 'Збирається', null),
    (15, '80-ма окр. аеромоб. бриг', 'Розвідувальні засоби', 'Бінокль', 'Supply Company E', 15, 'Дніпро', '2024-05-11 11:30:00', 'Combat-UA', '2024-05-11 14:00:00', 'Збирається', null),
    (16, '95-та окр. аеромоб. бриг', 'Енергозабезпечення', 'Дизель-генератор', 'Supply Company F', 10, 'Запоріжжя', '2024-05-11 12:15:00', 'Територія Добра', '2024-05-11 15:00:00', 'Збирається', null),
    (17, '72-га окр. мех. бригада', 'Техніка та обладнання', 'Навігаційний пристрій', 'Supply Company G', 20, 'Луганськ', '2024-05-11 13:00:00', 'Крила Фенікса', '2024-05-11 16:00:00', 'Збирається', null),
    (18, '28-ма мех. бригада', 'Ремонт та обслуговування', 'Інструменти', 'Supply Company H', 40, 'Рівне', '2024-05-11 14:20:00', 'Народний тил', '2024-05-11 17:00:00', 'Збирається', null),
    (19, '81-ма окр. аеромоб. бриг', 'Енергозабезпечення', 'Сонячні панелі', 'Supply Company I', 5, 'Чернівці', '2024-05-11 15:10:00', 'Матриця технологій', '2024-05-11 18:00:00', 'Збирається', null),
    (20, '24-та мех. бригада', 'Психологічна підтримка', 'Книги', 'Supply Company J', 30, 'Житомир', '2024-05-11 16:40:00', 'ДемАльянс допомога', '2024-05-11 19:00:00', 'Збирається', null),
    (21, '128-ма ГШБ ім. Короля Д', 'Бойова зброя та боєприпаси', 'Гранати', 'Supply Company A', 50, 'Харків', '2024-05-11 17:30:00', 'Крила Фенікса', '2024-05-11 20:30:00', 'Відправлено', null),
    (22, '30-та окр. мех. бригада', 'Медичне забезпечення', 'Медичні маски', 'Supply Company B', 100, 'Львів', '2024-05-11 18:00:00', 'Народний проект', '2024-05-11 21:00:00', 'Збирається', null),
    (23, '93-та окр. мех. бригада', 'Харчування та водопостачання', 'Крупи', 'Supply Company C', 200, 'Київ', '2024-05-11 18:30:00', 'Картографічна Сотня', '2024-05-11 21:30:00', 'Відправлено', null),
    (24, '17-та окр. танк. бригада', 'Логістика та постачання', 'Капці', 'Supply Company D', 30, 'Одеса', '2024-05-11 19:00:00', 'Повернись живим', '2024-05-11 22:00:00', 'Збирається', null),
    (25, '80-ма окр. аеромоб. бриг', 'Розвідувальні засоби', 'Бінокль', 'Supply Company E', 15, 'Дніпро', '2024-05-11 19:30:00', 'Combat-UA', '2024-05-11 22:30:00', 'Збирається', null),
    (26, '95-та окр. аеромоб. бриг', 'Енергозабезпечення', 'Дизель-генератор', 'Supply Company F', 10, 'Запоріжжя', '2024-05-11 20:15:00', 'Територія Добра', '2024-05-11 23:00:00', 'Збирається', null),
    (27, '72-га окр. мех. бригада', 'Техніка та обладнання', 'Навігаційний пристрій', 'Supply Company G', 20, 'Луганськ', '2024-05-11 21:00:00', 'Крила Фенікса', '2024-05-11 00:00:00', 'Відправлено', null),
    (28, '28-ма мех. бригада', 'Ремонт та обслуговування', 'Інструменти', 'Supply Company H', 40, 'Рівне', '2024-05-11 22:20:00', 'Народний тил', '2024-05-11 01:00:00', 'Збирається', null),
    (29, '81-ма окр. аеромоб. бриг', 'Енергозабезпечення', 'Сонячні панелі', 'Supply Company I', 5, 'Чернівці', '2024-05-11 23:10:00', 'Матриця технологій', '2024-05-11 02:00:00', 'Збирається', null),
    (30, '24-та мех. бригада', 'Психологічна підтримка', 'Книги', 'Supply Company J', 30, 'Житомир', '2024-05-11 00:40:00', 'ДемАльянс допомога', '2024-05-11 03:00:00', 'Збирається', null),
    (31, '128-ма ГШБ ім. Короля Д', 'Бойова зброя та боєприпаси', 'Гранати', 'Supply Company A', 50, 'Харків', '2024-05-11 17:30:00', 'Крила Фенікса', '2024-05-11 20:30:00', 'Відправлено', null),
    (32, '30-та окр. мех. бригада', 'Медичне забезпечення', 'Медичні маски', 'Supply Company B', 100, 'Львів', '2024-05-11 18:00:00', 'Народний проект', '2024-05-11 21:00:00', 'Збирається', null),
    (33, '93-та окр. мех. бригада', 'Харчування та водопостачання', 'Крупи', 'Supply Company C', 200, 'Київ', '2024-05-11 18:30:00', 'Картографічна Сотня', '2024-05-11 21:30:00', 'Відправлено', null),
    (34, '17-та окр. танк. бригада', 'Логістика та постачання', 'Капці', 'Supply Company D', 30, 'Одеса', '2024-05-11 19:00:00', 'Повернись живим', '2024-05-11 22:00:00', 'Збирається', null),
    (35, '80-ма окр. аеромоб. бриг', 'Розвідувальні засоби', 'Бінокль', 'Supply Company E', 15, 'Дніпро', '2024-05-11 19:30:00', 'Combat-UA', '2024-05-11 22:30:00', 'Збирається', null),
    (36, '95-та окр. аеромоб. бриг', 'Енергозабезпечення', 'Дизель-генератор', 'Supply Company F', 10, 'Запоріжжя', '2024-05-11 20:15:00', 'Територія Добра', '2024-05-11 23:00:00', 'Збирається', null),
    (37, '72-га окр. мех. бригада', 'Техніка та обладнання', 'Навігаційний пристрій', 'Supply Company G', 20, 'Луганськ', '2024-05-11 21:00:00', 'Крила Фенікса', '2024-05-11 00:00:00', 'Відправлено', null),
    (38, '28-ма мех. бригада', 'Ремонт та обслуговування', 'Інструменти', 'Supply Company H', 40, 'Рівне', '2024-05-11 22:20:00', 'Народний тил', '2024-05-11 01:00:00', 'Збирається', null),
    (39, '81-ма окр. аеромоб. бриг', 'Енергозабезпечення', 'Сонячні панелі', 'Supply Company I', 5, 'Чернівці', '2024-05-11 23:10:00', 'Матриця технологій', '2024-05-11 02:00:00', 'Збирається', null),
    (40, '24-та мех. бригада', 'Психологічна підтримка', 'Книги', 'Supply Company J', 30, 'Житомир', '2024-05-11 00:40:00', 'ДемАльянс допомога', '2024-05-11 03:00:00', 'Збирається', null),
    (41, '128-ма ГШБ ім. Короля Д', 'Бойова зброя та боєприпаси', 'Снаряди', 'Supply Company A', 20, 'Харків', '2024-05-11 01:00:00', NULL, NULL, NULL, NULL),
    (42, '30-та окр. мех. бригада', 'Медичне забезпечення', 'Медичні перев''язувальні матеріали', 'Supply Company B', 50, 'Львів', '2024-05-11 02:00:00', NULL, NULL, NULL, NULL),
    (43, '93-та окр. мех. бригада', 'Харчування та водопостачання', 'Консерви', 'Supply Company C', 100, 'Київ', '2024-05-11 03:00:00', NULL, NULL, NULL, NULL),
    (44, '17-та окр. танк. бригада', 'Логістика та постачання', 'Камуфляжна сітка', 'Supply Company D', 10, 'Одеса', '2024-05-11 04:00:00', NULL, NULL, NULL, NULL),
    (45, '80-ма окр. аеромоб. бриг', 'Розвідувальні засоби', 'Дальноміри', 'Supply Company E', 8, 'Дніпро', '2024-05-11 05:00:00', NULL, NULL, NULL, NULL),
    (46, '95-та окр. аеромоб. бриг', 'Енергозабезпечення', 'Акумулятори', 'Supply Company F', 30, 'Запоріжжя', '2024-05-11 06:00:00', NULL, NULL, NULL, NULL),
    (47, '72-га окр. мех. бригада', 'Техніка та обладнання', 'Тепловізори', 'Supply Company G', 5, 'Луганськ', '2024-05-11 07:00:00', NULL, NULL, NULL, NULL),
    (48, '28-ма мех. бригада', 'Ремонт та обслуговування', 'Мастила', 'Supply Company H', 20, 'Рівне', '2024-05-11 08:00:00', NULL, NULL, NULL, NULL),
    (49, '81-ма окр. аеромоб. бриг', 'Енергозабезпечення', 'Світлодіоди', 'Supply Company I', 15, 'Чернівці', '2024-05-11 09:00:00', NULL, NULL, NULL, NULL),
    (50, '24-та мех. бригада', 'Психологічна підтримка', 'Музичні інструменти', 'Supply Company J', 10, 'Житомир', '2024-05-11 10:00:00', NULL, NULL, NULL, NULL);


INSERT INTO SuccessHistorySupply (id_supply, mil_nameOfOrgan, category, name_of_goods, name_of_company, number_of_goods, delivery_location, datetime_add, vol_nameOfOrgan, datetime_accept, is_success, goods_image)
VALUES 
	(1, '24-та мех. бригада', 'Психологічна підтримка', 'Книги', 'Supply Company J', 30, 'Житомир', '2024-05-11 00:40:00', 'ДемАльянс допомога', '2024-05-11 03:00:00', 'Отримано', null),
    (2, '128-ма ГШБ ім. Короля Д', 'Бойова зброя та боєприпаси', 'Гранати', 'Supply Company A', 50, 'Харків', '2024-05-11 17:30:00', 'Крила Фенікса', '2024-05-11 20:30:00', 'Отримано', null),
    (3, '30-та окр. мех. бригада', 'Медичне забезпечення', 'Медичні маски', 'Supply Company B', 100, 'Львів', '2024-05-11 18:00:00', 'Народний проект', '2024-05-11 21:00:00', 'Отримано', null),
    (4, '93-та окр. мех. бригада', 'Харчування та водопостачання', 'Крупи', 'Supply Company C', 200, 'Київ', '2024-05-11 18:30:00', 'Картографічна Сотня', '2024-05-11 21:30:00', 'Отримано', null),
    (5, '17-та окр. танк. бригада', 'Логістика та постачання', 'Капці', 'Supply Company D', 30, 'Одеса', '2024-05-11 19:00:00', 'Повернись живим', '2024-05-11 22:00:00', 'Отримано', null),
    (6, '80-ма окр. аеромоб. бриг', 'Розвідувальні засоби', 'Бінокль', 'Supply Company E', 15, 'Дніпро', '2024-05-11 19:30:00', 'Combat-UA', '2024-05-11 22:30:00', 'Отримано', null),
    (7, '95-та окр. аеромоб. бриг', 'Енергозабезпечення', 'Дизель-генератор', 'Supply Company F', 10, 'Запоріжжя', '2024-05-11 20:15:00', 'Територія Добра', '2024-05-11 23:00:00', 'Отримано', null),
    (8, '72-га окр. мех. бригада', 'Техніка та обладнання', 'Навігаційний пристрій', 'Supply Company G', 20, 'Луганськ', '2024-05-11 21:00:00', 'Крила Фенікса', '2024-05-11 00:00:00', 'Отримано', null),
    (9, '28-ма мех. бригада', 'Ремонт та обслуговування', 'Інструменти', 'Supply Company H', 40, 'Рівне', '2024-05-11 22:20:00', 'Народний тил', '2024-05-11 01:00:00', 'Отримано', null),
    (10, '81-ма окр. аеромоб. бриг', 'Енергозабезпечення', 'Сонячні панелі', 'Supply Company I', 5, 'Чернівці', '2024-05-11 23:10:00', 'Матриця технологій', '2024-05-11 02:00:00', 'Отримано', null);

------------------------------------------------------------------------------------------------------------------------------------------------------------------------------------------